<?xml version="1.0" encoding="UTF-8"?>
<project-private xmlns="http://www.netbeans.org/ns/project-private/1">
    <editor-bookmarks xmlns="http://www.netbeans.org/ns/editor-bookmarks/2" lastBookmarkId="0"/>
    <open-files xmlns="http://www.netbeans.org/ns/projectui-open-files/2">
        <group>
            <file>file:/C:/Users/Joe-XPS13-W7/sunspotfrcsdk/lib/wpilibj.project/src/edu/wpi/first/wpilibj/command/Scheduler.java</file>
            <file>file:/C:/Users/Joe-XPS13-W7/sunspotfrcsdk/lib/wpilibj.project/src/edu/wpi/first/wpilibj/buttons/JoystickButton.java</file>
        </group>
    </open-files>
</project-private>
